brand,model_name
SKODA,OCTAVIA
SKODA,SUPERB
SKODA,OCTAVIA_RS
SKODA,YETI
SKODA,KODIAQ
SKODA,RAPID
SKODA,FABIA
SKODA,ROOMSTER
SKODA,FELICIA
SKODA,KAROQ
SKODA,FABIA_RS
SKODA,120
SKODA,100_SERIES
SKODA,FAVORIT
SKODA,POPULAR
AUDI,Q5
AUDI,R8
AUDI,Q7
AUDI,Q3
AUDI,A4
AUDI,A3
AUDI,A5
AUDI,A6
AUDI,RS7
AUDI,S6
AUDI,RS6
AUDI,ALLROAD
AUDI,TT
AUDI,S5
AUDI,S8
AUDI,A1
AUDI,A8
AUDI,80
AUDI,A7
AUDI,RSQ3
AUDI,RS3
AUDI,A4_ALLROAD
AUDI,Q8
AUDI,100
AUDI,SQ5
AUDI,S4
AUDI,TT_RS
AUDI,RS4
AUDI,S7
AUDI,RS5
AUDI,90
AUDI,COUPE
AUDI,A2
AUDI,TTS
AUDI,920
AUDI,S3
AUDI,200
AUDI,V8
AUDI,E_TRON
HONDA,CR_V
HONDA,ACCORD
HONDA,PILOT
HONDA,CIVIC
HONDA,ODYSSEY
HONDA,STREAM
HONDA,CROSSTOUR
HONDA,ELYSION
HONDA,ELEMENT
HONDA,RIDGELINE
HONDA,FIT
HONDA,HR_V
HONDA,SHUTTLE
HONDA,FREED
HONDA,ODYSSEY_NA
HONDA,JAZZ
HONDA,Z
HONDA,CIVIC_FERIO
HONDA,S2000
HONDA,CR_Z
HONDA,LEGEND
HONDA,STEPWAGON
HONDA,CIVIC_TYPE_R
HONDA,FR_V
HONDA,CR_X
HONDA,PRELUDE
HONDA,MOBILIO_SPIKE
HONDA,N_BOX
HONDA,ZEST
HONDA,INTEGRA
HONDA,INSPIRE
HONDA,VEZEL
HONDA,N_WGN
HONDA,ASCOT
HONDA,LOGO
HONDA,ACTY
HONDA,CONCERTO
HONDA,AVANCIER
HONDA,SABER
HONDA,MOBILIO
HONDA,CROSSROAD
HONDA,INSIGHT
HONDA,TORNEO
HONDA,AIRWAVE
HONDA,DOMANI
HONDA,RAFAGA
HONDA,CITY
HONDA,VIGOR
HONDA,ORTHIA
HONDA,PARTNER
VOLVO,V60_CROSS_COUNTRY
VOLVO,XC40
VOLVO,XC60
VOLVO,C30
VOLVO,V50
VOLVO,XC90
VOLVO,V90_CROSS_COUNTRY
VOLVO,S60
VOLVO,XC70
VOLVO,V40_CC
VOLVO,S40
VOLVO,S90
VOLVO,V40
VOLVO,240_SERIES
VOLVO,S80
VOLVO,V70
VOLVO,S60_CROSS_COUNTRY
VOLVO,940
VOLVO,740
VOLVO,850
VOLVO,V60
VOLVO,S70
VOLVO,C70
VOLVO,760
VOLVO,960
VOLVO,460
VOLVO,440
VOLVO,140
BMW,X5
BMW,X6
BMW,X7
BMW,X3
BMW,5ER
BMW,X2
BMW,Z4
BMW,X1
BMW,6ER
BMW,7ER
BMW,X5_M
BMW,M5
BMW,1ER
BMW,3ER
BMW,X6_M
BMW,4
BMW,X4
BMW,M2
BMW,M6
BMW,X4_M
BMW,8ER
BMW,I8
BMW,I3
BMW,2ER
BMW,M3
BMW,M1
BMW,M4
BMW,X3_M
BMW,2GRANDTOURER
BMW,Z1
BMW,2ACTIVETOURER
BMW,02
BMW,Z3
BMW,E3
BMW,340
BMW,321
BMW,Z3M
BMW,326
NISSAN,PATROL
NISSAN,TEANA
NISSAN,QASHQAI
NISSAN,AVENIR
NISSAN,X_TRAIL
NISSAN,MURANO
NISSAN,MAXIMA
NISSAN,NAVARA
NISSAN,PATHFINDER
NISSAN,NOTE
NISSAN,TIIDA
NISSAN,JUKE
NISSAN,TERRANO
NISSAN,ALMERA_CLASSIC
NISSAN,PRIMERA
NISSAN,SKYLINE
NISSAN,ALMERA
NISSAN,QASHQAI_PLUS_2
NISSAN,SERENA
NISSAN,AD
NISSAN,MICRA
NISSAN,LEAF
NISSAN,GT_R
NISSAN,MARCH
NISSAN,SENTRA
NISSAN,BLUEBIRD_SYLPHY
NISSAN,PRESAGE
NISSAN,ALTIMA
NISSAN,NP300
NISSAN,CLIPPER
NISSAN,PRAIRIE
NISSAN,ALMERA_TINO
NISSAN,DAYZ
NISSAN,FAIRLADY_Z
NISSAN,QUEST
NISSAN,SILVIA
NISSAN,ARMADA
NISSAN,350Z
NISSAN,NV200
NISSAN,JUKE_NISMO
NISSAN,STAGEA
NISSAN,280ZX
NISSAN,ELGRAND
NISSAN,300ZX
NISSAN,CEFIRO
NISSAN,PRESIDENT
NISSAN,CUBE
NISSAN,PULSAR
NISSAN,BLUEBIRD
NISSAN,FUGA
NISSAN,LAUREL
NISSAN,WINGROAD
NISSAN,CARAVAN_COACH
NISSAN,DATSUN
NISSAN,GLORIA
NISSAN,EXPERT
NISSAN,100NX
NISSAN,SAFARI
NISSAN,LIBERTY
NISSAN,CEDRIC
NISSAN,VANETTE
NISSAN,SUNNY
NISSAN,OTTI
NISSAN,DAYZ_ROOX
NISSAN,PRESEA
NISSAN,BASSARA
NISSAN,TERRANO_REGULUS
NISSAN,RNESSA
NISSAN,TINO
NISSAN,200SX
NISSAN,LAFESTA
NISSAN,KIX
NISSAN,LARGO
NISSAN,URVAN
INFINITI,JX
INFINITI,FX
INFINITI,G35
INFINITI,Q50
INFINITI,QX56
INFINITI,QX50
INFINITI,QX80
INFINITI,EX
INFINITI,Q70
INFINITI,QX70
INFINITI,QX60
INFINITI,M
INFINITI,QX4
INFINITI,Q30
INFINITI,QX30
INFINITI,Q60
INFINITI,Q
INFINITI,I
MERCEDES,V_KLASSE
MERCEDES,C_KLASSE
MERCEDES,GLE_KLASSE
MERCEDES,E_KLASSE
MERCEDES,S_KLASSE
MERCEDES,GLA_CLASS
MERCEDES,SLK_KLASSE
MERCEDES,SLS_AMG
MERCEDES,G_KLASSE_AMG
MERCEDES,GLE_KLASSE_COUPE
MERCEDES,M_KLASSE_AMG
MERCEDES,E_KLASSE_AMG
MERCEDES,GLC_KLASSE
MERCEDES,CLA_KLASSE
MERCEDES,GL_KLASSE
MERCEDES,B_KLASSE
MERCEDES,A_KLASSE
MERCEDES,GLS_KLASSE
MERCEDES,GLK_KLASSE
MERCEDES,M_KLASSE
MERCEDES,W124
MERCEDES,VIANO
MERCEDES,VITO
MERCEDES,G_KLASSE
MERCEDES,S_CLASS_MAYBACH
MERCEDES,C_KLASSE_AMG
MERCEDES,CLC_KLASSE
MERCEDES,CLK_KLASSE
MERCEDES,GL_KLASSE_AMG
MERCEDES,GLC_COUPE
MERCEDES,CLS_KLASSE
MERCEDES,S_KLASSE_AMG
MERCEDES,GLE_KLASSE_COUPE_AMG
MERCEDES,AMG_GT
MERCEDES,W201
MERCEDES,CLA_KLASSE_AMG
MERCEDES,SL_KLASSE
MERCEDES,GLS_KLASSE_AMG
MERCEDES,CL_KLASSE
MERCEDES,R_KLASSE
MERCEDES,GLE_KLASSE_AMG
MERCEDES,CLS_KLASSE_AMG
MERCEDES,SL_KLASSE_AMG
MERCEDES,A_KLASSE_AMG
MERCEDES,W111
MERCEDES,W128
MERCEDES,GLC_KLASSE_AMG
MERCEDES,SLC_KLASSE
MERCEDES,GLB_KLASSE
MERCEDES,GLA_CLASS_AMG
MERCEDES,AMG_GLC_COUPE
MERCEDES,X_KLASSE
MERCEDES,CL_KLASSE_AMG
MERCEDES,MAYBACH_GLS
MERCEDES,SLR_KLASSE
MERCEDES,VANEO
MERCEDES,W123
MERCEDES,CITAN
MERCEDES,W136
MERCEDES,SIMPLEX
MERCEDES,W114
MERCEDES,190_SL
MERCEDES,W186
MERCEDES,W188
TOYOTA,CAMRY
TOYOTA,RAV_4
TOYOTA,AVENSIS
TOYOTA,GT86
TOYOTA,LAND_CRUISER
TOYOTA,COROLLA
TOYOTA,LAND_CRUISER_PRADO
TOYOTA,MATRIX
TOYOTA,4RUNNER
TOYOTA,SEQUOIA
TOYOTA,HIGHLANDER
TOYOTA,CROWN
TOYOTA,HILUX
TOYOTA,HILUX_SURF
TOYOTA,ISIS
TOYOTA,AURIS
TOYOTA,VITZ
TOYOTA,PRIUS
TOYOTA,YARIS
TOYOTA,CARINA
TOYOTA,CHASER
TOYOTA,ESTIMA
TOYOTA,ESQUIRE
TOYOTA,VERSO
TOYOTA,ECHO
TOYOTA,TOWN_ACE
TOYOTA,FJ_CRUISER
TOYOTA,VENZA
TOYOTA,TUNDRA
TOYOTA,SIENNA
TOYOTA,BB
TOYOTA,AQUA
TOYOTA,IQ
TOYOTA,CALDINA
TOYOTA,FORTUNER
TOYOTA,ALPHARD
TOYOTA,SUPRA
TOYOTA,C_HR
TOYOTA,MARK_II
TOYOTA,CELICA
TOYOTA,SOARER
TOYOTA,SERA
TOYOTA,MARK_X
TOYOTA,SPRINTER_TRUENO
TOYOTA,CAMRY_SOLARA
TOYOTA,VOXY
TOYOTA,CROWN_MAJESTA
TOYOTA,ALTEZZA
TOYOTA,MR2
TOYOTA,AVENSIS_VERSO
TOYOTA,ARISTO
TOYOTA,HARRIER
TOYOTA,HIACE
TOYOTA,VERSO_S
TOYOTA,VELLFIRE
TOYOTA,COROLLA_VERSO
TOYOTA,REGIUS
TOYOTA,IPSUM
TOYOTA,CRESTA
TOYOTA,MR_S
TOYOTA,YARIS_VERSO
TOYOTA,NOAH
TOYOTA,LITE_ACE
TOYOTA,BLADE
TOYOTA,PICNIC
TOYOTA,COROLLA_SPACIO
TOYOTA,CARINA_ED
TOYOTA,COROLLA_LEVIN
TOYOTA,COROLLA_RUMION
TOYOTA,GRAND_HIACE
TOYOTA,CARINA_E
TOYOTA,ORIGIN
TOYOTA,AYGO
TOYOTA,STARLET
TOYOTA,VANGUARD
TOYOTA,WISH
TOYOTA,PROBOX
TOYOTA,CURREN
TOYOTA,VEROSSA
TOYOTA,SIENTA
TOYOTA,SCEPTER_SEDAN
TOYOTA,FUNCARGO
TOYOTA,PROGRES
TOYOTA,PASSO
TOYOTA,OPA
TOYOTA,SPARKY
TOYOTA,SUCCEED
TOYOTA,PREMIO
TOYOTA,PREVIA
TOYOTA,WINDOM
TOYOTA,ALLEX
TOYOTA,CORONA
TOYOTA,SPRINTER_CARIB
TOYOTA,SPADE
TOYOTA,AVALON
TOYOTA,TERCEL
TOYOTA,CYNOS
TOYOTA,PRIUS_ALPHA
TOYOTA,SPRINTER
TOYOTA,MASTER_ACE_SURF
TOYOTA,SPRINTER_MARINO
TOYOTA,CAMI
TOYOTA,COROLLA_II
TOYOTA,CORSA
TOYOTA,RAUM
TOYOTA,VISTA
TOYOTA,CORONA_EXIV
TOYOTA,MEGA_CRUISER
TOYOTA,MARK_X_ZIO
TOYOTA,PRIUSPLUS
TOYOTA,IST
TOYOTA,GRANVIA
TOYOTA,GAIA
TOYOTA,CAVALIER
TOYOTA,DUET
TOYOTA,RACTIS
TOYOTA,NADIA
TOYOTA,PORTE
LEXUS,LS
LEXUS,GS
LEXUS,ES
LEXUS,IS
LEXUS,LX
LEXUS,RX
LEXUS,NX
LEXUS,GX
LEXUS,UX
LEXUS,CT
LEXUS,LM
LEXUS,RC
LEXUS,HS
LEXUS,SC
VOLKSWAGEN,TOUAREG
VOLKSWAGEN,TIGUAN
VOLKSWAGEN,PASSAT
VOLKSWAGEN,AMAROK
VOLKSWAGEN,POLO
VOLKSWAGEN,CADDY
VOLKSWAGEN,PASSAT_CC
VOLKSWAGEN,JETTA
VOLKSWAGEN,TRANSPORTER
VOLKSWAGEN,SCIROCCO
VOLKSWAGEN,GOLF
VOLKSWAGEN,TOURAN
VOLKSWAGEN,CARAVELLE
VOLKSWAGEN,MULTIVAN
VOLKSWAGEN,SHARAN
VOLKSWAGEN,GOLF_PLUS
VOLKSWAGEN,TERAMONT
VOLKSWAGEN,VENTO
VOLKSWAGEN,ARTEON
VOLKSWAGEN,PHAETON
VOLKSWAGEN,GOLF_GTI
VOLKSWAGEN,BEETLE
VOLKSWAGEN,EUROVAN
VOLKSWAGEN,CALIFORNIA
VOLKSWAGEN,GOLF_R
VOLKSWAGEN,CORRADO
VOLKSWAGEN,GOLF_R32
VOLKSWAGEN,EOS
VOLKSWAGEN,BORA
VOLKSWAGEN,POLO_GTI
VOLKSWAGEN,LUPO
VOLKSWAGEN,TYPE_1
VOLKSWAGEN,POINTER
VOLKSWAGEN,FOX
VOLKSWAGEN,TARO
MITSUBISHI,PAJERO_SPORT
MITSUBISHI,OUTLANDER
MITSUBISHI,L200
MITSUBISHI,MONTERO
MITSUBISHI,LANCER
MITSUBISHI,PAJERO
MITSUBISHI,MONTERO_SPORT
MITSUBISHI,GALANT
MITSUBISHI,PAJERO_MINI
MITSUBISHI,PAJERO_IO
MITSUBISHI,ASX
MITSUBISHI,COLT
MITSUBISHI,CARISMA
MITSUBISHI,SPACE_STAR
MITSUBISHI,PAJERO_PININ
MITSUBISHI,FTO
MITSUBISHI,LANCER_EVOLUTION
MITSUBISHI,GRANDIS
MITSUBISHI,ECLIPSE_CROSS
MITSUBISHI,ECLIPSE
MITSUBISHI,MINICAB
MITSUBISHI,DELICA_D_5
MITSUBISHI,ENDEAVOR
MITSUBISHI,DELICA
MITSUBISHI,I_MIEV
MITSUBISHI,SPACE_WAGON
MITSUBISHI,LANCER_RALLIART
MITSUBISHI,LEGNUM
MITSUBISHI,AIRTREK
MITSUBISHI,SPACE_GEAR
MITSUBISHI,DELICA_D2
MITSUBISHI,L300
MITSUBISHI,SIGMA
MITSUBISHI,DIAMANTE
MITSUBISHI,L400
MITSUBISHI,MIRAGE
MITSUBISHI,DINGO
MITSUBISHI,SPACE_RUNNER
MITSUBISHI,CHARIOT
MITSUBISHI,EK_WAGON
MITSUBISHI,RVR
MITSUBISHI,LIBERO
MITSUBISHI,DION
MITSUBISHI,EMERAUDE
MITSUBISHI,ASPIRE
MITSUBISHI,MINICA
VOLKSWAGEN,ATLAS
TOYOTA,WILL_CYPHA
TOYOTA,PASEO
TOYOTA,WILL
TOYOTA,PLATZ
